outer_fold,inner_fold,hp_name,batch_size,learning_rate,weight_decay,lr_C,lr_penalty,lr_solver,lr_class_weight,lr_max_iter,name,epoch,train_loss,train_auc,train_aucpr,train_acc,train_cindex,val_loss,val_auc,val_aucpr,val_acc,val_cindex,teacher_loss,student_survival_loss,student_repr_loss,student_feature_loss,smil_meta_train_loss,smil_meta_val_loss,smil_meta_val_ce,smil_align_fusion,smil_align_hidden,seed,degrading_modality,train_missing_prop
1,1,C0p01_penl2_solverlbfgs_cwnone_maxit1000_trmiss50_degmodglobal,64,1.0,0.0,0.01,l2,lbfgs,none,1000,C0p01_penl2_solverlbfgs_cwnone_maxit1000_trmiss50_degmodglobal,1,0.38708849284376967,0.97117202268431,0.9735306733355482,0.9239130434782609,0.0,0.901623078720616,0.6041666666666667,0.6440217391304348,0.625,0.0,0.0,0.0,0.0,0.0,0.0,0.0,0.0,0.0,0.0,18473,global,0.5
1,1,C0p1_penl2_solverlbfgs_cwnone_maxit1000_trmiss50_degmodglobal,64,1.0,0.0,0.1,l2,lbfgs,none,1000,C0p1_penl2_solverlbfgs_cwnone_maxit1000_trmiss50_degmodglobal,1,0.2096738577151718,0.9943289224952742,0.9953321394222796,0.9782608695652174,0.0,1.2332251666370397,0.5763888888888888,0.6583990285077241,0.625,0.0,0.0,0.0,0.0,0.0,0.0,0.0,0.0,0.0,0.0,18473,global,0.5
1,1,C1_penl2_solverlbfgs_cwnone_maxit1000_trmiss50_degmodglobal,64,1.0,0.0,1.0,l2,lbfgs,none,1000,C1_penl2_solverlbfgs_cwnone_maxit1000_trmiss50_degmodglobal,1,0.0770800342892025,1.0,0.9999999999999999,1.0,0.0,1.779345930051073,0.5694444444444444,0.6556725517680895,0.6666666666666666,0.0,0.0,0.0,0.0,0.0,0.0,0.0,0.0,0.0,0.0,18473,global,0.5
1,2,C0p01_penl2_solverlbfgs_cwnone_maxit1000_trmiss50_degmodglobal,64,1.0,0.0,0.01,l2,lbfgs,none,1000,C0p01_penl2_solverlbfgs_cwnone_maxit1000_trmiss50_degmodglobal,1,0.40241241931910166,0.9708603145235892,0.9746839241326872,0.9354838709677419,0.0,0.7765192588720784,0.5303030303030303,0.6119989293708838,0.4782608695652174,0.0,0.0,0.0,0.0,0.0,0.0,0.0,0.0,0.0,0.0,18473,global,0.5
1,2,C0p1_penl2_solverlbfgs_cwnone_maxit1000_trmiss50_degmodglobal,64,1.0,0.0,0.1,l2,lbfgs,none,1000,C0p1_penl2_solverlbfgs_cwnone_maxit1000_trmiss50_degmodglobal,1,0.21644385108745334,0.9967622571692877,0.9967137189318763,0.967741935483871,0.0,1.1609298384088889,0.4696969696969697,0.6021973969106827,0.43478260869565216,0.0,0.0,0.0,0.0,0.0,0.0,0.0,0.0,0.0,0.0,18473,global,0.5
1,2,C1_penl2_solverlbfgs_cwnone_maxit1000_trmiss50_degmodglobal,64,1.0,0.0,1.0,l2,lbfgs,none,1000,C1_penl2_solverlbfgs_cwnone_maxit1000_trmiss50_degmodglobal,1,0.07597199388462673,1.0,0.9999999999999999,1.0,0.0,2.055830421403134,0.4090909090909091,0.5653453235454514,0.43478260869565216,0.0,0.0,0.0,0.0,0.0,0.0,0.0,0.0,0.0,0.0,18473,global,0.5
1,3,C0p01_penl2_solverlbfgs_cwnone_maxit1000_trmiss50_degmodglobal,64,1.0,0.0,0.01,l2,lbfgs,none,1000,C0p01_penl2_solverlbfgs_cwnone_maxit1000_trmiss50_degmodglobal,1,0.3836462716406714,0.971322849213691,0.9743547721664043,0.9032258064516129,0.0,0.7284834816406349,0.5681818181818182,0.599739932204766,0.5652173913043478,0.0,0.0,0.0,0.0,0.0,0.0,0.0,0.0,0.0,0.0,18473,global,0.5
1,3,C0p1_penl2_solverlbfgs_cwnone_maxit1000_trmiss50_degmodglobal,64,1.0,0.0,0.1,l2,lbfgs,none,1000,C0p1_penl2_solverlbfgs_cwnone_maxit1000_trmiss50_degmodglobal,1,0.2216506602649993,0.982886216466235,0.9846954731464803,0.946236559139785,0.0,0.838436501074006,0.5606060606060607,0.6629596645421454,0.6086956521739131,0.0,0.0,0.0,0.0,0.0,0.0,0.0,0.0,0.0,0.0,18473,global,0.5
1,3,C1_penl2_solverlbfgs_cwnone_maxit1000_trmiss50_degmodglobal,64,1.0,0.0,1.0,l2,lbfgs,none,1000,C1_penl2_solverlbfgs_cwnone_maxit1000_trmiss50_degmodglobal,1,0.08996080154440825,1.0,0.9999999999999999,0.989247311827957,0.0,1.04978797821395,0.6136363636363636,0.6996831670744715,0.5217391304347826,0.0,0.0,0.0,0.0,0.0,0.0,0.0,0.0,0.0,0.0,18473,global,0.5
1,4,C0p01_penl2_solverlbfgs_cwnone_maxit1000_trmiss50_degmodglobal,64,1.0,0.0,0.01,l2,lbfgs,none,1000,C0p01_penl2_solverlbfgs_cwnone_maxit1000_trmiss50_degmodglobal,1,0.40525213304275814,0.9643848288621648,0.9680906082080548,0.8924731182795699,0.0,0.8411130777418497,0.49999999999999994,0.559716135257931,0.43478260869565216,0.0,0.0,0.0,0.0,0.0,0.0,0.0,0.0,0.0,0.0,18473,global,0.5
1,4,C0p1_penl2_solverlbfgs_cwnone_maxit1000_trmiss50_degmodglobal,64,1.0,0.0,0.1,l2,lbfgs,none,1000,C0p1_penl2_solverlbfgs_cwnone_maxit1000_trmiss50_degmodglobal,1,0.22611308832333854,0.9925994449583719,0.9940020294666309,0.967741935483871,0.0,1.152783224251797,0.4924242424242424,0.5288863515538157,0.5652173913043478,0.0,0.0,0.0,0.0,0.0,0.0,0.0,0.0,0.0,0.0,18473,global,0.5
1,4,C1_penl2_solverlbfgs_cwnone_maxit1000_trmiss50_degmodglobal,64,1.0,0.0,1.0,l2,lbfgs,none,1000,C1_penl2_solverlbfgs_cwnone_maxit1000_trmiss50_degmodglobal,1,0.08794089347946231,1.0,1.0,1.0,0.0,1.5032943362405629,0.5454545454545454,0.6480920641418811,0.5652173913043478,0.0,0.0,0.0,0.0,0.0,0.0,0.0,0.0,0.0,0.0,18473,global,0.5
1,5,C0p01_penl2_solverlbfgs_cwnone_maxit1000_trmiss50_degmodglobal,64,1.0,0.0,0.01,l2,lbfgs,none,1000,C0p01_penl2_solverlbfgs_cwnone_maxit1000_trmiss50_degmodglobal,1,0.40005722137211747,0.9620721554116559,0.9647653791144619,0.8924731182795699,0.0,1.4061166280147794,0.4545454545454546,0.45694253450130295,0.6086956521739131,0.0,0.0,0.0,0.0,0.0,0.0,0.0,0.0,0.0,0.0,18473,global,0.5
1,5,C0p1_penl2_solverlbfgs_cwnone_maxit1000_trmiss50_degmodglobal,64,1.0,0.0,0.1,l2,lbfgs,none,1000,C0p1_penl2_solverlbfgs_cwnone_maxit1000_trmiss50_degmodglobal,1,0.24291824825859926,0.9856614246068455,0.9862168404177346,0.9139784946236559,0.0,1.939404637052707,0.49242424242424243,0.4753329605004246,0.5652173913043478,0.0,0.0,0.0,0.0,0.0,0.0,0.0,0.0,0.0,0.0,18473,global,0.5
1,5,C1_penl2_solverlbfgs_cwnone_maxit1000_trmiss50_degmodglobal,64,1.0,0.0,1.0,l2,lbfgs,none,1000,C1_penl2_solverlbfgs_cwnone_maxit1000_trmiss50_degmodglobal,1,0.10552641571446633,1.0,1.0,1.0,0.0,2.5538500420335613,0.5227272727272727,0.49422799422799424,0.5217391304347826,0.0,0.0,0.0,0.0,0.0,0.0,0.0,0.0,0.0,0.0,18473,global,0.5
2,1,C0p01_penl2_solverlbfgs_cwnone_maxit1000_trmiss50_degmodglobal,64,1.0,0.0,0.01,l2,lbfgs,none,1000,C0p01_penl2_solverlbfgs_cwnone_maxit1000_trmiss50_degmodglobal,1,0.36718721214113087,0.9867674858223062,0.9872797604017025,0.9021739130434783,0.0,0.6961972450925838,0.5555555555555556,0.6438459079283887,0.5416666666666666,0.0,0.0,0.0,0.0,0.0,0.0,0.0,0.0,0.0,0.0,18473,global,0.5
2,1,C0p1_penl2_solverlbfgs_cwnone_maxit1000_trmiss50_degmodglobal,64,1.0,0.0,0.1,l2,lbfgs,none,1000,C0p1_penl2_solverlbfgs_cwnone_maxit1000_trmiss50_degmodglobal,1,0.17524666787374463,0.999054820415879,0.9990942028985507,0.9891304347826086,0.0,0.9316586265025357,0.4722222222222222,0.5772104643386108,0.4166666666666667,0.0,0.0,0.0,0.0,0.0,0.0,0.0,0.0,0.0,0.0,18473,global,0.5
2,1,C1_penl2_solverlbfgs_cwnone_maxit1000_trmiss50_degmodglobal,64,1.0,0.0,1.0,l2,lbfgs,none,1000,C1_penl2_solverlbfgs_cwnone_maxit1000_trmiss50_degmodglobal,1,0.056363602880194576,1.0,0.9999999999999999,1.0,0.0,1.5617734914320696,0.4375,0.5738127673982937,0.4583333333333333,0.0,0.0,0.0,0.0,0.0,0.0,0.0,0.0,0.0,0.0,18473,global,0.5
2,2,C0p01_penl2_solverlbfgs_cwnone_maxit1000_trmiss50_degmodglobal,64,1.0,0.0,0.01,l2,lbfgs,none,1000,C0p01_penl2_solverlbfgs_cwnone_maxit1000_trmiss50_degmodglobal,1,0.408439763799331,0.9606845513413506,0.9604341467087569,0.9139784946236559,0.0,0.5577558673427376,0.8712121212121211,0.9093795093795094,0.6956521739130435,0.0,0.0,0.0,0.0,0.0,0.0,0.0,0.0,0.0,0.0,18473,global,0.5
2,2,C0p1_penl2_solverlbfgs_cwnone_maxit1000_trmiss50_degmodglobal,64,1.0,0.0,0.1,l2,lbfgs,none,1000,C0p1_penl2_solverlbfgs_cwnone_maxit1000_trmiss50_degmodglobal,1,0.2305241423556391,0.9884366327474561,0.9890301934548468,0.9247311827956989,0.0,0.6165654698787932,0.7348484848484849,0.8183778296007398,0.6086956521739131,0.0,0.0,0.0,0.0,0.0,0.0,0.0,0.0,0.0,0.0,18473,global,0.5
2,2,C1_penl2_solverlbfgs_cwnone_maxit1000_trmiss50_degmodglobal,64,1.0,0.0,1.0,l2,lbfgs,none,1000,C1_penl2_solverlbfgs_cwnone_maxit1000_trmiss50_degmodglobal,1,0.10219861754550678,1.0,1.0,1.0,0.0,0.9183925821551435,0.6515151515151515,0.7325772266948738,0.5652173913043478,0.0,0.0,0.0,0.0,0.0,0.0,0.0,0.0,0.0,0.0,18473,global,0.5
2,3,C0p01_penl2_solverlbfgs_cwnone_maxit1000_trmiss50_degmodglobal,64,1.0,0.0,0.01,l2,lbfgs,none,1000,C0p01_penl2_solverlbfgs_cwnone_maxit1000_trmiss50_degmodglobal,1,0.3891394598240292,0.9625346901017576,0.964159380986166,0.8709677419354839,0.0,1.2380123276887642,0.5681818181818181,0.5571622642664872,0.6086956521739131,0.0,0.0,0.0,0.0,0.0,0.0,0.0,0.0,0.0,0.0,18473,global,0.5
2,3,C0p1_penl2_solverlbfgs_cwnone_maxit1000_trmiss50_degmodglobal,64,1.0,0.0,0.1,l2,lbfgs,none,1000,C0p1_penl2_solverlbfgs_cwnone_maxit1000_trmiss50_degmodglobal,1,0.23572629516018104,0.984736355226642,0.9865010673725058,0.9139784946236559,0.0,1.761138263887655,0.5833333333333334,0.576654175863662,0.5652173913043478,0.0,0.0,0.0,0.0,0.0,0.0,0.0,0.0,0.0,0.0,18473,global,0.5
2,3,C1_penl2_solverlbfgs_cwnone_maxit1000_trmiss50_degmodglobal,64,1.0,0.0,1.0,l2,lbfgs,none,1000,C1_penl2_solverlbfgs_cwnone_maxit1000_trmiss50_degmodglobal,1,0.11310785816943482,0.9976873265494912,0.9979541734860885,0.989247311827957,0.0,2.0722775952723094,0.6363636363636364,0.6178649852562896,0.5652173913043478,0.0,0.0,0.0,0.0,0.0,0.0,0.0,0.0,0.0,0.0,18473,global,0.5
2,4,C0p01_penl2_solverlbfgs_cwnone_maxit1000_trmiss50_degmodglobal,64,1.0,0.0,0.01,l2,lbfgs,none,1000,C0p01_penl2_solverlbfgs_cwnone_maxit1000_trmiss50_degmodglobal,1,0.36974640598811637,0.9713228492136909,0.972475009321193,0.8817204301075269,0.0,1.131519799282465,0.43939393939393945,0.5009657964821008,0.391304347826087,0.0,0.0,0.0,0.0,0.0,0.0,0.0,0.0,0.0,0.0,18473,global,0.5
2,4,C0p1_penl2_solverlbfgs_cwnone_maxit1000_trmiss50_degmodglobal,64,1.0,0.0,0.1,l2,lbfgs,none,1000,C0p1_penl2_solverlbfgs_cwnone_maxit1000_trmiss50_degmodglobal,1,0.20739687528018533,0.9939870490286772,0.9943405628188237,0.956989247311828,0.0,1.6201473048356636,0.3939393939393939,0.48218122457252893,0.391304347826087,0.0,0.0,0.0,0.0,0.0,0.0,0.0,0.0,0.0,0.0,18473,global,0.5
2,4,C1_penl2_solverlbfgs_cwnone_maxit1000_trmiss50_degmodglobal,64,1.0,0.0,1.0,l2,lbfgs,none,1000,C1_penl2_solverlbfgs_cwnone_maxit1000_trmiss50_degmodglobal,1,0.07897141408520118,1.0,0.9999999999999999,1.0,0.0,2.4497351944009558,0.3712121212121212,0.4740053361334826,0.43478260869565216,0.0,0.0,0.0,0.0,0.0,0.0,0.0,0.0,0.0,0.0,18473,global,0.5
2,5,C0p01_penl2_solverlbfgs_cwnone_maxit1000_trmiss50_degmodglobal,64,1.0,0.0,0.01,l2,lbfgs,none,1000,C0p01_penl2_solverlbfgs_cwnone_maxit1000_trmiss50_degmodglobal,1,0.37435303637603845,0.9787234042553192,0.977277511590387,0.8924731182795699,0.0,0.7104757721979457,0.5984848484848485,0.6688503557988853,0.5217391304347826,0.0,0.0,0.0,0.0,0.0,0.0,0.0,0.0,0.0,0.0,18473,global,0.5
2,5,C0p1_penl2_solverlbfgs_cwnone_maxit1000_trmiss50_degmodglobal,64,1.0,0.0,0.1,l2,lbfgs,none,1000,C0p1_penl2_solverlbfgs_cwnone_maxit1000_trmiss50_degmodglobal,1,0.20449175970681271,0.9884366327474561,0.9886292595695375,0.956989247311828,0.0,0.9325005456817704,0.6287878787878788,0.7108432016326754,0.6086956521739131,0.0,0.0,0.0,0.0,0.0,0.0,0.0,0.0,0.0,0.0,18473,global,0.5
2,5,C1_penl2_solverlbfgs_cwnone_maxit1000_trmiss50_degmodglobal,64,1.0,0.0,1.0,l2,lbfgs,none,1000,C1_penl2_solverlbfgs_cwnone_maxit1000_trmiss50_degmodglobal,1,0.08677923750638616,1.0,0.9999999999999999,0.989247311827957,0.0,1.242821852823447,0.6287878787878788,0.7196593653401434,0.5217391304347826,0.0,0.0,0.0,0.0,0.0,0.0,0.0,0.0,0.0,0.0,18473,global,0.5
3,1,C0p01_penl2_solverlbfgs_cwnone_maxit1000_trmiss50_degmodglobal,64,1.0,0.0,0.01,l2,lbfgs,none,1000,C0p01_penl2_solverlbfgs_cwnone_maxit1000_trmiss50_degmodglobal,1,0.37209431172718427,0.97117202268431,0.9753689286531416,0.8804347826086957,0.0,0.8906955669514932,0.5694444444444444,0.5811294231131188,0.6666666666666666,0.0,0.0,0.0,0.0,0.0,0.0,0.0,0.0,0.0,0.0,18473,global,0.5
3,1,C0p1_penl2_solverlbfgs_cwnone_maxit1000_trmiss50_degmodglobal,64,1.0,0.0,0.1,l2,lbfgs,none,1000,C0p1_penl2_solverlbfgs_cwnone_maxit1000_trmiss50_degmodglobal,1,0.21383855070576807,0.9910207939508506,0.991983623315213,0.9239130434782609,0.0,1.1335786096189169,0.5555555555555556,0.6287508580507302,0.5833333333333334,0.0,0.0,0.0,0.0,0.0,0.0,0.0,0.0,0.0,0.0,18473,global,0.5
3,1,C1_penl2_solverlbfgs_cwnone_maxit1000_trmiss50_degmodglobal,64,1.0,0.0,1.0,l2,lbfgs,none,1000,C1_penl2_solverlbfgs_cwnone_maxit1000_trmiss50_degmodglobal,1,0.08782060478079298,1.0,0.9999999999999999,1.0,0.0,1.5745904874631493,0.5694444444444444,0.637056135289831,0.5833333333333334,0.0,0.0,0.0,0.0,0.0,0.0,0.0,0.0,0.0,0.0,18473,global,0.5
3,2,C0p01_penl2_solverlbfgs_cwnone_maxit1000_trmiss50_degmodglobal,64,1.0,0.0,0.01,l2,lbfgs,none,1000,C0p01_penl2_solverlbfgs_cwnone_maxit1000_trmiss50_degmodglobal,1,0.40323987767053776,0.9727104532839963,0.9756005928419474,0.8924731182795699,0.0,0.5358221364039492,0.75,0.7878685641843537,0.6956521739130435,0.0,0.0,0.0,0.0,0.0,0.0,0.0,0.0,0.0,0.0,18473,global,0.5
3,2,C0p1_penl2_solverlbfgs_cwnone_maxit1000_trmiss50_degmodglobal,64,1.0,0.0,0.1,l2,lbfgs,none,1000,C0p1_penl2_solverlbfgs_cwnone_maxit1000_trmiss50_degmodglobal,1,0.21640921275876457,0.9944495837187789,0.9949328847979336,0.956989247311828,0.0,0.5701753986367283,0.7348484848484849,0.7681734931734933,0.6086956521739131,0.0,0.0,0.0,0.0,0.0,0.0,0.0,0.0,0.0,0.0,18473,global,0.5
3,2,C1_penl2_solverlbfgs_cwnone_maxit1000_trmiss50_degmodglobal,64,1.0,0.0,1.0,l2,lbfgs,none,1000,C1_penl2_solverlbfgs_cwnone_maxit1000_trmiss50_degmodglobal,1,0.07913566016417188,1.0,1.0,1.0,0.0,0.8100382866787763,0.7348484848484849,0.7732664995822891,0.6086956521739131,0.0,0.0,0.0,0.0,0.0,0.0,0.0,0.0,0.0,0.0,18473,global,0.5
3,3,C0p01_penl2_solverlbfgs_cwnone_maxit1000_trmiss50_degmodglobal,64,1.0,0.0,0.01,l2,lbfgs,none,1000,C0p01_penl2_solverlbfgs_cwnone_maxit1000_trmiss50_degmodglobal,1,0.4126010420621836,0.9680851063829787,0.9700226976805344,0.8924731182795699,0.0,0.5091958107237197,0.9545454545454546,0.9679144385026739,0.6956521739130435,0.0,0.0,0.0,0.0,0.0,0.0,0.0,0.0,0.0,0.0,18473,global,0.5
3,3,C0p1_penl2_solverlbfgs_cwnone_maxit1000_trmiss50_degmodglobal,64,1.0,0.0,0.1,l2,lbfgs,none,1000,C0p1_penl2_solverlbfgs_cwnone_maxit1000_trmiss50_degmodglobal,1,0.2342256153208588,0.9879740980573544,0.9892782305269555,0.9247311827956989,0.0,0.4409379259763608,0.893939393939394,0.9151515151515153,0.6521739130434783,0.0,0.0,0.0,0.0,0.0,0.0,0.0,0.0,0.0,0.0,18473,global,0.5
3,3,C1_penl2_solverlbfgs_cwnone_maxit1000_trmiss50_degmodglobal,64,1.0,0.0,1.0,l2,lbfgs,none,1000,C1_penl2_solverlbfgs_cwnone_maxit1000_trmiss50_degmodglobal,1,0.10165154752282399,1.0,1.0,0.978494623655914,0.0,0.4611030260964268,0.9166666666666665,0.9217286501377411,0.782608695652174,0.0,0.0,0.0,0.0,0.0,0.0,0.0,0.0,0.0,0.0,18473,global,0.5
3,4,C0p01_penl2_solverlbfgs_cwnone_maxit1000_trmiss50_degmodglobal,64,1.0,0.0,0.01,l2,lbfgs,none,1000,C0p01_penl2_solverlbfgs_cwnone_maxit1000_trmiss50_degmodglobal,1,0.39831204244909446,0.9740980573543017,0.9752830634255493,0.8602150537634409,0.0,0.6618216236871929,0.696969696969697,0.7404010341510342,0.5652173913043478,0.0,0.0,0.0,0.0,0.0,0.0,0.0,0.0,0.0,0.0,18473,global,0.5
3,4,C0p1_penl2_solverlbfgs_cwnone_maxit1000_trmiss50_degmodglobal,64,1.0,0.0,0.1,l2,lbfgs,none,1000,C0p1_penl2_solverlbfgs_cwnone_maxit1000_trmiss50_degmodglobal,1,0.2206553471052141,0.9888991674375578,0.9901695633903206,0.956989247311828,0.0,0.8073579804965606,0.6893939393939393,0.7026641122035859,0.5652173913043478,0.0,0.0,0.0,0.0,0.0,0.0,0.0,0.0,0.0,0.0,18473,global,0.5
3,4,C1_penl2_solverlbfgs_cwnone_maxit1000_trmiss50_degmodglobal,64,1.0,0.0,1.0,l2,lbfgs,none,1000,C1_penl2_solverlbfgs_cwnone_maxit1000_trmiss50_degmodglobal,1,0.08710784365499945,1.0,0.9999999999999999,0.989247311827957,0.0,1.1680834083972882,0.7196969696969697,0.7381347332005228,0.6521739130434783,0.0,0.0,0.0,0.0,0.0,0.0,0.0,0.0,0.0,0.0,18473,global,0.5
3,5,C0p01_penl2_solverlbfgs_cwnone_maxit1000_trmiss50_degmodglobal,64,1.0,0.0,0.01,l2,lbfgs,none,1000,C0p01_penl2_solverlbfgs_cwnone_maxit1000_trmiss50_degmodglobal,1,0.38372494675142266,0.9736355226641998,0.9749249580901991,0.8817204301075269,0.0,0.6487528580714406,0.7575757575757576,0.7946792589455635,0.5652173913043478,0.0,0.0,0.0,0.0,0.0,0.0,0.0,0.0,0.0,0.0,18473,global,0.5
3,5,C0p1_penl2_solverlbfgs_cwnone_maxit1000_trmiss50_degmodglobal,64,1.0,0.0,0.1,l2,lbfgs,none,1000,C0p1_penl2_solverlbfgs_cwnone_maxit1000_trmiss50_degmodglobal,1,0.2128454603082378,0.9898242368177613,0.9905634872293133,0.9354838709677419,0.0,0.6235097601612827,0.7651515151515151,0.7948763997677042,0.6956521739130435,0.0,0.0,0.0,0.0,0.0,0.0,0.0,0.0,0.0,0.0,18473,global,0.5
3,5,C1_penl2_solverlbfgs_cwnone_maxit1000_trmiss50_degmodglobal,64,1.0,0.0,1.0,l2,lbfgs,none,1000,C1_penl2_solverlbfgs_cwnone_maxit1000_trmiss50_degmodglobal,1,0.08898010225871204,1.0,0.9999999999999999,0.989247311827957,0.0,0.6442255857909498,0.7803030303030303,0.8184991207050032,0.782608695652174,0.0,0.0,0.0,0.0,0.0,0.0,0.0,0.0,0.0,0.0,18473,global,0.5
4,1,C0p01_penl2_solverlbfgs_cwnone_maxit1000_trmiss50_degmodglobal,64,1.0,0.0,0.01,l2,lbfgs,none,1000,C0p01_penl2_solverlbfgs_cwnone_maxit1000_trmiss50_degmodglobal,1,0.3867027422961877,0.9754137115839243,0.9767033855870444,0.9130434782608695,0.0,0.6499832767174972,0.6944444444444444,0.7361756664388244,0.7083333333333334,0.0,0.0,0.0,0.0,0.0,0.0,0.0,0.0,0.0,0.0,18473,global,0.5
4,1,C0p1_penl2_solverlbfgs_cwnone_maxit1000_trmiss50_degmodglobal,64,1.0,0.0,0.1,l2,lbfgs,none,1000,C0p1_penl2_solverlbfgs_cwnone_maxit1000_trmiss50_degmodglobal,1,0.20808813579152483,0.9957446808510638,0.9955991615627519,0.967391304347826,0.0,0.6863758221983152,0.7291666666666666,0.8062514240145818,0.7083333333333334,0.0,0.0,0.0,0.0,0.0,0.0,0.0,0.0,0.0,0.0,18473,global,0.5
4,1,C1_penl2_solverlbfgs_cwnone_maxit1000_trmiss50_degmodglobal,64,1.0,0.0,1.0,l2,lbfgs,none,1000,C1_penl2_solverlbfgs_cwnone_maxit1000_trmiss50_degmodglobal,1,0.07979097479444752,1.0,1.0,1.0,0.0,0.8597646522237429,0.7708333333333334,0.8396717804612541,0.75,0.0,0.0,0.0,0.0,0.0,0.0,0.0,0.0,0.0,0.0,18473,global,0.5
4,2,C0p01_penl2_solverlbfgs_cwnone_maxit1000_trmiss50_degmodglobal,64,1.0,0.0,0.01,l2,lbfgs,none,1000,C0p01_penl2_solverlbfgs_cwnone_maxit1000_trmiss50_degmodglobal,1,0.37288895781032105,0.9759481961147085,0.9766007018961655,0.9247311827956989,0.0,0.9296335029719779,0.5454545454545454,0.5873464501067934,0.5217391304347826,0.0,0.0,0.0,0.0,0.0,0.0,0.0,0.0,0.0,0.0,18473,global,0.5
4,2,C0p1_penl2_solverlbfgs_cwnone_maxit1000_trmiss50_degmodglobal,64,1.0,0.0,0.1,l2,lbfgs,none,1000,C0p1_penl2_solverlbfgs_cwnone_maxit1000_trmiss50_degmodglobal,1,0.19599562139331286,0.9953746530989824,0.9954609192156821,0.956989247311828,0.0,1.3416219171466748,0.5227272727272727,0.5663852143728304,0.5217391304347826,0.0,0.0,0.0,0.0,0.0,0.0,0.0,0.0,0.0,0.0,18473,global,0.5
4,2,C1_penl2_solverlbfgs_cwnone_maxit1000_trmiss50_degmodglobal,64,1.0,0.0,1.0,l2,lbfgs,none,1000,C1_penl2_solverlbfgs_cwnone_maxit1000_trmiss50_degmodglobal,1,0.07082572594426084,1.0,0.9999999999999999,1.0,0.0,2.0499384147877793,0.553030303030303,0.6270479918805278,0.43478260869565216,0.0,0.0,0.0,0.0,0.0,0.0,0.0,0.0,0.0,0.0,18473,global,0.5
4,3,C0p01_penl2_solverlbfgs_cwnone_maxit1000_trmiss50_degmodglobal,64,1.0,0.0,0.01,l2,lbfgs,none,1000,C0p01_penl2_solverlbfgs_cwnone_maxit1000_trmiss50_degmodglobal,1,0.3952649100488007,0.9639222941720629,0.9690537727647738,0.8924731182795699,0.0,0.8887785982010981,0.5606060606060606,0.5217934988104717,0.6086956521739131,0.0,0.0,0.0,0.0,0.0,0.0,0.0,0.0,0.0,0.0,18473,global,0.5
4,3,C0p1_penl2_solverlbfgs_cwnone_maxit1000_trmiss50_degmodglobal,64,1.0,0.0,0.1,l2,lbfgs,none,1000,C0p1_penl2_solverlbfgs_cwnone_maxit1000_trmiss50_degmodglobal,1,0.23022585802002932,0.9930619796484736,0.9931945843583466,0.9354838709677419,0.0,1.1295321674363283,0.6363636363636362,0.5998221620664075,0.5652173913043478,0.0,0.0,0.0,0.0,0.0,0.0,0.0,0.0,0.0,0.0,18473,global,0.5
4,3,C1_penl2_solverlbfgs_cwnone_maxit1000_trmiss50_degmodglobal,64,1.0,0.0,1.0,l2,lbfgs,none,1000,C1_penl2_solverlbfgs_cwnone_maxit1000_trmiss50_degmodglobal,1,0.08851792079621018,1.0,0.9999999999999999,1.0,0.0,1.612951754911152,0.6136363636363635,0.6118616006432793,0.5217391304347826,0.0,0.0,0.0,0.0,0.0,0.0,0.0,0.0,0.0,0.0,18473,global,0.5
4,4,C0p01_penl2_solverlbfgs_cwnone_maxit1000_trmiss50_degmodglobal,64,1.0,0.0,0.01,l2,lbfgs,none,1000,C0p01_penl2_solverlbfgs_cwnone_maxit1000_trmiss50_degmodglobal,1,0.36554821208327515,0.9768732654949122,0.9780266662534814,0.946236559139785,0.0,0.8064994032951718,0.4772727272727273,0.539187562200876,0.4782608695652174,0.0,0.0,0.0,0.0,0.0,0.0,0.0,0.0,0.0,0.0,18473,global,0.5
4,4,C0p1_penl2_solverlbfgs_cwnone_maxit1000_trmiss50_degmodglobal,64,1.0,0.0,0.1,l2,lbfgs,none,1000,C0p1_penl2_solverlbfgs_cwnone_maxit1000_trmiss50_degmodglobal,1,0.1860538558079483,0.9939870490286772,0.993650438648074,0.956989247311828,0.0,1.2882658909816622,0.5378787878787878,0.5778062620424862,0.4782608695652174,0.0,0.0,0.0,0.0,0.0,0.0,0.0,0.0,0.0,0.0,18473,global,0.5
4,4,C1_penl2_solverlbfgs_cwnone_maxit1000_trmiss50_degmodglobal,64,1.0,0.0,1.0,l2,lbfgs,none,1000,C1_penl2_solverlbfgs_cwnone_maxit1000_trmiss50_degmodglobal,1,0.06618711280947348,1.0,0.9999999999999999,1.0,0.0,1.6880492621778675,0.5833333333333333,0.6186268051357565,0.5652173913043478,0.0,0.0,0.0,0.0,0.0,0.0,0.0,0.0,0.0,0.0,18473,global,0.5
4,5,C0p01_penl2_solverlbfgs_cwnone_maxit1000_trmiss50_degmodglobal,64,1.0,0.0,0.01,l2,lbfgs,none,1000,C0p01_penl2_solverlbfgs_cwnone_maxit1000_trmiss50_degmodglobal,1,0.38168602172852767,0.9773148148148149,0.9786398589887814,0.9032258064516129,0.0,0.6348749034857546,0.6893939393939393,0.7352522348652379,0.6086956521739131,0.0,0.0,0.0,0.0,0.0,0.0,0.0,0.0,0.0,0.0,18473,global,0.5
4,5,C0p1_penl2_solverlbfgs_cwnone_maxit1000_trmiss50_degmodglobal,64,1.0,0.0,0.1,l2,lbfgs,none,1000,C0p1_penl2_solverlbfgs_cwnone_maxit1000_trmiss50_degmodglobal,1,0.19669909415162856,0.9930555555555556,0.992930004021614,0.946236559139785,0.0,0.8599159923515131,0.6742424242424243,0.7116492303992303,0.6086956521739131,0.0,0.0,0.0,0.0,0.0,0.0,0.0,0.0,0.0,0.0,18473,global,0.5
4,5,C1_penl2_solverlbfgs_cwnone_maxit1000_trmiss50_degmodglobal,64,1.0,0.0,1.0,l2,lbfgs,none,1000,C1_penl2_solverlbfgs_cwnone_maxit1000_trmiss50_degmodglobal,1,0.07541244165944978,1.0,1.0,1.0,0.0,1.2441987920067108,0.6742424242424243,0.7043079605579606,0.5652173913043478,0.0,0.0,0.0,0.0,0.0,0.0,0.0,0.0,0.0,0.0,18473,global,0.5
5,1,C0p01_penl2_solverlbfgs_cwnone_maxit1000_trmiss50_degmodglobal,64,1.0,0.0,0.01,l2,lbfgs,none,1000,C0p01_penl2_solverlbfgs_cwnone_maxit1000_trmiss50_degmodglobal,1,0.3748458618469915,0.9716312056737588,0.9739061242354423,0.8804347826086957,0.0,0.7472566671945527,0.6180555555555556,0.6365872352285395,0.4583333333333333,0.0,0.0,0.0,0.0,0.0,0.0,0.0,0.0,0.0,0.0,18473,global,0.5
5,1,C0p1_penl2_solverlbfgs_cwnone_maxit1000_trmiss50_degmodglobal,64,1.0,0.0,0.1,l2,lbfgs,none,1000,C0p1_penl2_solverlbfgs_cwnone_maxit1000_trmiss50_degmodglobal,1,0.2071945274189922,0.992434988179669,0.9922993788658061,0.9347826086956522,0.0,0.7901532035714699,0.6527777777777778,0.6554378655923279,0.5833333333333334,0.0,0.0,0.0,0.0,0.0,0.0,0.0,0.0,0.0,0.0,18473,global,0.5
5,1,C1_penl2_solverlbfgs_cwnone_maxit1000_trmiss50_degmodglobal,64,1.0,0.0,1.0,l2,lbfgs,none,1000,C1_penl2_solverlbfgs_cwnone_maxit1000_trmiss50_degmodglobal,1,0.08675715730839348,1.0,1.0,1.0,0.0,0.9190260755358853,0.7291666666666666,0.7109698172198171,0.6666666666666666,0.0,0.0,0.0,0.0,0.0,0.0,0.0,0.0,0.0,0.0,18473,global,0.5
5,2,C0p01_penl2_solverlbfgs_cwnone_maxit1000_trmiss50_degmodglobal,64,1.0,0.0,0.01,l2,lbfgs,none,1000,C0p01_penl2_solverlbfgs_cwnone_maxit1000_trmiss50_degmodglobal,1,0.37867162164186513,0.9814986123959297,0.9823969614199398,0.8817204301075269,0.0,0.9496226756428979,0.45454545454545453,0.5543470418470419,0.391304347826087,0.0,0.0,0.0,0.0,0.0,0.0,0.0,0.0,0.0,0.0,18473,global,0.5
5,2,C0p1_penl2_solverlbfgs_cwnone_maxit1000_trmiss50_degmodglobal,64,1.0,0.0,0.1,l2,lbfgs,none,1000,C0p1_penl2_solverlbfgs_cwnone_maxit1000_trmiss50_degmodglobal,1,0.18666891313225406,1.0,0.9999999999999999,0.978494623655914,0.0,1.434613434367101,0.4393939393939394,0.5343307019777608,0.43478260869565216,0.0,0.0,0.0,0.0,0.0,0.0,0.0,0.0,0.0,0.0,18473,global,0.5
5,2,C1_penl2_solverlbfgs_cwnone_maxit1000_trmiss50_degmodglobal,64,1.0,0.0,1.0,l2,lbfgs,none,1000,C1_penl2_solverlbfgs_cwnone_maxit1000_trmiss50_degmodglobal,1,0.05851000900792744,1.0,0.9999999999999999,1.0,0.0,2.3129812606882507,0.4318181818181818,0.5282004830917874,0.43478260869565216,0.0,0.0,0.0,0.0,0.0,0.0,0.0,0.0,0.0,0.0,18473,global,0.5
5,3,C0p01_penl2_solverlbfgs_cwnone_maxit1000_trmiss50_degmodglobal,64,1.0,0.0,0.01,l2,lbfgs,none,1000,C0p01_penl2_solverlbfgs_cwnone_maxit1000_trmiss50_degmodglobal,1,0.37865545143082696,0.9888991674375578,0.9907507278498012,0.956989247311828,0.0,0.6664004904841875,0.7272727272727273,0.8164764528400892,0.7391304347826086,0.0,0.0,0.0,0.0,0.0,0.0,0.0,0.0,0.0,0.0,18473,global,0.5
5,3,C0p1_penl2_solverlbfgs_cwnone_maxit1000_trmiss50_degmodglobal,64,1.0,0.0,0.1,l2,lbfgs,none,1000,C0p1_penl2_solverlbfgs_cwnone_maxit1000_trmiss50_degmodglobal,1,0.17987063036105438,0.9995374653098982,0.9995374653098982,0.978494623655914,0.0,0.9053078657210889,0.6969696969696969,0.7842861285445017,0.7391304347826086,0.0,0.0,0.0,0.0,0.0,0.0,0.0,0.0,0.0,0.0,18473,global,0.5
5,3,C1_penl2_solverlbfgs_cwnone_maxit1000_trmiss50_degmodglobal,64,1.0,0.0,1.0,l2,lbfgs,none,1000,C1_penl2_solverlbfgs_cwnone_maxit1000_trmiss50_degmodglobal,1,0.05472525924278354,1.0,0.9999999999999999,1.0,0.0,1.4904066759300352,0.7196969696969697,0.7750057975923441,0.6956521739130435,0.0,0.0,0.0,0.0,0.0,0.0,0.0,0.0,0.0,0.0,18473,global,0.5
5,4,C0p01_penl2_solverlbfgs_cwnone_maxit1000_trmiss50_degmodglobal,64,1.0,0.0,0.01,l2,lbfgs,none,1000,C0p01_penl2_solverlbfgs_cwnone_maxit1000_trmiss50_degmodglobal,1,0.3726899706653463,0.9731729879740981,0.9768706739333161,0.9247311827956989,0.0,0.853925423601507,0.49242424242424243,0.5555244861464956,0.5217391304347826,0.0,0.0,0.0,0.0,0.0,0.0,0.0,0.0,0.0,0.0,18473,global,0.5
5,4,C0p1_penl2_solverlbfgs_cwnone_maxit1000_trmiss50_degmodglobal,64,1.0,0.0,0.1,l2,lbfgs,none,1000,C0p1_penl2_solverlbfgs_cwnone_maxit1000_trmiss50_degmodglobal,1,0.19779854229919758,0.9930619796484736,0.99342036998129,0.956989247311828,0.0,1.0517515154957346,0.5606060606060606,0.5961357270180799,0.4782608695652174,0.0,0.0,0.0,0.0,0.0,0.0,0.0,0.0,0.0,0.0,18473,global,0.5
5,4,C1_penl2_solverlbfgs_cwnone_maxit1000_trmiss50_degmodglobal,64,1.0,0.0,1.0,l2,lbfgs,none,1000,C1_penl2_solverlbfgs_cwnone_maxit1000_trmiss50_degmodglobal,1,0.07396146498394338,1.0,0.9999999999999999,1.0,0.0,1.3887148256841926,0.6060606060606061,0.6358311279363912,0.5217391304347826,0.0,0.0,0.0,0.0,0.0,0.0,0.0,0.0,0.0,0.0,18473,global,0.5
5,5,C0p01_penl2_solverlbfgs_cwnone_maxit1000_trmiss50_degmodglobal,64,1.0,0.0,0.01,l2,lbfgs,none,1000,C0p01_penl2_solverlbfgs_cwnone_maxit1000_trmiss50_degmodglobal,1,0.4045468623568321,0.9703703703703704,0.9727147309784491,0.8817204301075269,0.0,0.5843375954306557,0.7348484848484849,0.8159223817118555,0.6956521739130435,0.0,0.0,0.0,0.0,0.0,0.0,0.0,0.0,0.0,0.0,18473,global,0.5
5,5,C0p1_penl2_solverlbfgs_cwnone_maxit1000_trmiss50_degmodglobal,64,1.0,0.0,0.1,l2,lbfgs,none,1000,C0p1_penl2_solverlbfgs_cwnone_maxit1000_trmiss50_degmodglobal,1,0.21781358418985813,0.9930555555555556,0.9934285812176656,0.967741935483871,0.0,0.6151373889409691,0.6893939393939394,0.7905255563150301,0.6521739130434783,0.0,0.0,0.0,0.0,0.0,0.0,0.0,0.0,0.0,0.0,18473,global,0.5
5,5,C1_penl2_solverlbfgs_cwnone_maxit1000_trmiss50_degmodglobal,64,1.0,0.0,1.0,l2,lbfgs,none,1000,C1_penl2_solverlbfgs_cwnone_maxit1000_trmiss50_degmodglobal,1,0.09347281825271667,1.0,1.0,1.0,0.0,0.6828800173167341,0.75,0.8305074555074556,0.6086956521739131,0.0,0.0,0.0,0.0,0.0,0.0,0.0,0.0,0.0,0.0,18473,global,0.5
