model_name,scenario,train_prop,test_prop,missing_prop,mean_auc,std_auc,n_replicates,auc_ci95,auc_ci95_lower,auc_ci95_upper,selected_train_aupmc
Di-MMLP,both,0.0,0.0,,0.6072498411762779,0.07612738941786301,125,0.013256458394734216,0.5944107083210531,0.6209236251105216,
Di-MMLP,both,0.0,0.2,,0.6081080132298525,0.07325783507928008,125,0.01280845433408656,0.595124100599273,0.6207410092674461,
Di-MMLP,both,0.0,0.4,,0.5877503356583815,0.06986773140166405,125,0.012019585584700454,0.5753186645708487,0.5993578357402496,
Di-MMLP,both,0.0,0.6,,0.5638208599404002,0.060887182889767986,125,0.010604593116547156,0.5536844467367457,0.57489363296984,
Di-MMLP,both,0.0,0.8,,0.535750361856109,0.06141003054394588,125,0.010726205095457964,0.5250684857713592,0.5465208959622752,
Di-MMLP,both,0.2,0.0,,0.6096538232308347,0.06301601366857815,125,0.01061479909617824,0.5990236686642436,0.6202532668566001,
Di-MMLP,both,0.2,0.2,,0.6015441726430233,0.06141653869958141,125,0.010704366178733937,0.5903447378589908,0.6117534702164587,
Di-MMLP,both,0.2,0.4,,0.5815284147100237,0.06421592838578635,125,0.011239077185054236,0.570704788289616,0.5931829426597245,
Di-MMLP,both,0.2,0.6,,0.5538226020892688,0.06149397803807276,125,0.010457898451059322,0.5435834695615156,0.5644992664636342,
Di-MMLP,both,0.2,0.8,,0.5318272128892818,0.06660425866369457,125,0.011549977076988627,0.5201291046926679,0.5432290588466452,
Di-MMLP,both,0.4,0.0,,0.604433546189868,0.07523888007715968,125,0.01319429151521101,0.5909716222942659,0.6173602053246879,
Di-MMLP,both,0.4,0.2,,0.5897722566067394,0.07284209808235664,125,0.012453908291580551,0.5764889617513183,0.6013967783344794,
Di-MMLP,both,0.4,0.4,,0.5658132102040149,0.07661718318401248,125,0.01338091561057081,0.5524691508661623,0.579230982087304,
Di-MMLP,both,0.4,0.6,,0.5521827946425648,0.0774565228728242,125,0.013329318040409988,0.5387227275108885,0.5653813635917084,
Di-MMLP,both,0.4,0.8,,0.5241495366276976,0.07769551844856841,125,0.0137773019615548,0.5105515237253168,0.5381061276484264,
Di-MMLP,both,0.6,0.0,,0.5739644627828536,0.07211583188536358,125,0.012239929757343448,0.5618709771752303,0.5863508366899172,
Di-MMLP,both,0.6,0.2,,0.565151075744179,0.07583043536770774,125,0.013291014834463155,0.5513876376199365,0.5779696672888628,
Di-MMLP,both,0.6,0.4,,0.548929285784458,0.07954931900650943,125,0.013217529554311103,0.5355792536922422,0.5620143128008644,
Di-MMLP,both,0.6,0.6,,0.535834875724531,0.07450864619270615,125,0.013101993319579563,0.5227762540524609,0.54898024069162,
Di-MMLP,both,0.6,0.8,,0.5256541638012903,0.07542599026146195,125,0.013103405049611883,0.5126249268100993,0.5388317369093231,
Di-MMLP,both,0.8,0.0,,0.5343876608704193,0.07810799941323167,125,0.013380214002685409,0.5208985280151947,0.5476589560205655,
Di-MMLP,both,0.8,0.2,,0.521550040933949,0.07977178314528341,125,0.014212546419098082,0.5074098051544028,0.535834897992599,
Di-MMLP,both,0.8,0.4,,0.5065513311720208,0.07140676363280392,125,0.01256422765825066,0.49414321642597503,0.5192716717424763,
Di-MMLP,both,0.8,0.6,,0.5037443494776828,0.07763150688792608,125,0.013819649277925089,0.48972839768150117,0.5173676962373513,
Di-MMLP,both,0.8,0.8,,0.49102013950289813,0.08956005728606797,125,0.015546490323214451,0.47483731473294694,0.5059302953793758,
Di-PAM,both,0.0,0.0,,0.5975439892589318,0.06981085764813826,125,0.012386266823853076,0.5848866126338539,0.60965914628156,
Di-PAM,both,0.0,0.2,,0.5847044175917739,0.07011997757398786,125,0.012332367455873128,0.5725407653011102,0.5972055002128565,
Di-PAM,both,0.0,0.4,,0.571148521465763,0.06989539227228947,125,0.012374369780921435,0.5587577810524939,0.5835065206143367,
Di-PAM,both,0.0,0.6,,0.548242093198415,0.06199158817333013,125,0.010559989193437369,0.537251973016341,0.5583719514032157,
Di-PAM,both,0.0,0.8,,0.5288405933785244,0.06459003644954732,125,0.011117232210105799,0.5175997350754823,0.5398341994956939,
Di-PAM,both,0.2,0.0,,0.5995003045485805,0.08199400042843408,125,0.013727691325277458,0.5855542397746997,0.6130096224252546,
Di-PAM,both,0.2,0.2,,0.5838967285587974,0.08393247493859028,125,0.01454662884369784,0.5687311936339523,0.597824451321348,
Di-PAM,both,0.2,0.4,,0.5640923076923077,0.0788198958531065,125,0.0136171755575204,0.5499387434915021,0.5771730946065429,
Di-PAM,both,0.2,0.6,,0.5409876543209876,0.06894194109929969,125,0.011902109571994668,0.5288487713265873,0.5526529904705766,
Di-PAM,both,0.2,0.8,,0.5252437502046697,0.07311497674286704,125,0.012526621148115424,0.5131512738644923,0.5382045161607232,
Di-PAM,both,0.4,0.0,,0.6002666011723483,0.0732286559753451,125,0.01255074041326909,0.587788454006615,0.6128899348331531,
Di-PAM,both,0.4,0.2,,0.5806251825654125,0.06944409872618766,125,0.01160669597537417,0.5691152388905263,0.5923286308412746,
Di-PAM,both,0.4,0.4,,0.560156780299309,0.07199777192710612,125,0.012889815306022123,0.547439192127583,0.5732188227396272,
Di-PAM,both,0.4,0.6,,0.5474768313848775,0.06822456047398984,125,0.011669975439630553,0.5359593794413335,0.5592993303205946,
Di-PAM,both,0.4,0.8,,0.5258602613223303,0.07679923423353245,125,0.01324884222418704,0.5127318973704031,0.5392295818187772,
Di-PAM,both,0.6,0.0,,0.5668810950650033,0.08710624144650937,125,0.015200208108196667,0.5515404142515636,0.581940830467957,
Di-PAM,both,0.6,0.2,,0.5484646690899565,0.08896320124329614,125,0.015019877853096275,0.5332945030618593,0.5633342587680519,
Di-PAM,both,0.6,0.4,,0.5341410616629008,0.0915825724182939,125,0.016212158037790247,0.5173475177653337,0.5497718338409142,
Di-PAM,both,0.6,0.6,,0.5196831646854635,0.07912765113071393,125,0.01349217162786126,0.5062580404099943,0.5332423836657169,
Di-PAM,both,0.6,0.8,,0.5066497953302551,0.08066098556355335,125,0.014331420244293791,0.4925945364639618,0.5212573769525494,
Di-PAM,both,0.8,0.0,,0.5266440449291024,0.08516515448234853,125,0.0151080111012869,0.5116859459016931,0.5419019681042669,
Di-PAM,both,0.8,0.2,,0.5213793627402823,0.08535843927087834,125,0.015072070930346848,0.506789650915283,0.5369337927759767,
Di-PAM,both,0.8,0.4,,0.5116251367193896,0.08976623048713755,125,0.015858562072240262,0.4955947208304679,0.5273118449749484,
Di-PAM,both,0.8,0.6,,0.5097035072207485,0.08507284011903737,125,0.014557546910305613,0.4950584120902511,0.5241735059108623,
Di-PAM,both,0.8,0.8,,0.4957881520778073,0.08401948395286522,125,0.014346183646068711,0.4810234246979074,0.5097157919900448,
HealNet,both,0.0,0.0,,0.6151868225431445,0.07062948104025078,125,0.012064180011134074,0.6031423315977339,0.627270691620002,
HealNet,both,0.0,0.2,,0.6088933032059468,0.07623785368694329,125,0.012766355732390322,0.5959190493499688,0.6214517608147494,
HealNet,both,0.0,0.4,,0.5869523266856601,0.07371323950776601,125,0.012840029799914887,0.5737985804106494,0.5994786400104791,
HealNet,both,0.0,0.6,,0.5648594688410778,0.07056983571932081,125,0.01255959966597886,0.5523210780364806,0.5774402773684383,
HealNet,both,0.0,0.8,,0.5339197432622721,0.07017755822707182,125,0.012805005239545475,0.5214256524871468,0.5470356629662377,
HealNet,both,0.2,0.0,,0.6030551265677703,0.061987135554117,125,0.010830545731407792,0.5922578491665849,0.6139189406294004,
HealNet,both,0.2,0.2,,0.5858133542915152,0.06355311473563739,125,0.011082346825162903,0.5746800746635229,0.5968447683138487,
HealNet,both,0.2,0.4,,0.5681950158823724,0.06350179595315424,125,0.011192770573402788,0.5568533418475947,0.5792388829944003,
HealNet,both,0.2,0.6,,0.5517174051151065,0.059844347232857226,125,0.010278549464583953,0.5414970494809576,0.5620541484101255,
HealNet,both,0.2,0.8,,0.5348443920489897,0.06852133954935476,125,0.01247618823067087,0.5224397275436357,0.5473921040049774,
HealNet,both,0.4,0.0,,0.6137416380129023,0.07452999491468693,125,0.012689422012640283,0.6010431191669123,0.6264219631921929,
HealNet,both,0.4,0.2,,0.5935848446147295,0.0705250191801247,125,0.012139726070013346,0.5815491308903953,0.605828583030422,
HealNet,both,0.4,0.4,,0.5687170841929463,0.06731450574931047,125,0.011587836558928533,0.5575419690866817,0.5807176422045388,
HealNet,both,0.4,0.6,,0.5542544454268591,0.06825576439381323,125,0.012198784589186884,0.5424089576579232,0.566806526836297,
HealNet,both,0.4,0.8,,0.5310745259848708,0.08192419304566306,125,0.014952775158004972,0.5162343465304385,0.5461398968464485,
HealNet,both,0.6,0.0,,0.5866195107574419,0.0756532557796648,125,0.013907084847889495,0.5724834292825097,0.6002975989782887,
HealNet,both,0.6,0.2,,0.5685556930936241,0.07887700354392771,125,0.013449063267511496,0.5551661089825458,0.5820642355175688,
HealNet,both,0.6,0.4,,0.5598918950781019,0.08423135953433349,125,0.014742424272194243,0.5452743629040182,0.5747592114484067,
HealNet,both,0.6,0.6,,0.5451153158463504,0.0736146577555018,125,0.0128294609817598,0.532719573959459,0.5583784959229786,
HealNet,both,0.6,0.8,,0.5227830107738153,0.08757353771733536,125,0.015387715558175252,0.5072426937813145,0.538018124897665,
HealNet,both,0.8,0.0,,0.5357960113960112,0.08562918026363814,125,0.014870648884959092,0.5203255372171465,0.5500668349870647,
HealNet,both,0.8,0.2,,0.529032858499525,0.08455130697790436,125,0.014685144578707843,0.5144402161312506,0.5438105052886663,
HealNet,both,0.8,0.4,,0.5135692831646853,0.07821475838402529,125,0.013400335494645893,0.4996112823787537,0.5264119533680455,
HealNet,both,0.8,0.6,,0.5087626551396667,0.07553209669367054,125,0.012694046402724674,0.4960907070111667,0.521478799816616,
HealNet,both,0.8,0.8,,0.49430905458951435,0.07535538096285013,125,0.012872839997380259,0.4813153669319187,0.5070610469266792,
KNN_MLP,both,0.0,0.0,,0.6151858008317778,0.07380768638506369,125,0.012240716180371425,0.6027345878770016,0.6272160202377445,
KNN_MLP,both,0.0,0.2,,0.6085400268526704,0.06986419729405227,125,0.011945007859318235,0.5962356220322886,0.6201256377509251,
KNN_MLP,both,0.0,0.4,,0.5969780528539148,0.07211682599458212,125,0.012710036021875037,0.5841442135769722,0.6095642856207223,
KNN_MLP,both,0.0,0.6,,0.590104699217343,0.06961363005431577,125,0.012385865834888765,0.5774230186331337,0.6021947503029113,
KNN_MLP,both,0.0,0.8,,0.5660230016046108,0.07461750501914216,125,0.012859440678521239,0.553280078593182,0.5789989599502244,
KNN_MLP,both,0.2,0.0,,0.6271268428463833,0.06789801634315001,125,0.012022527262009919,0.6151841091135346,0.6392291636375544,
KNN_MLP,both,0.2,0.2,,0.61351773913613,0.07212950739650334,125,0.012508519664668982,0.6011413750532143,0.6261584143825523,
KNN_MLP,both,0.2,0.4,,0.5968330091364574,0.06798949896945458,125,0.01202246979074556,0.5846865415725188,0.6087314811540099,
KNN_MLP,both,0.2,0.6,,0.5891676851033172,0.0645059942294767,125,0.01119449634869174,0.5778529325081049,0.6002419252054884,
KNN_MLP,both,0.2,0.8,,0.5673453318924584,0.06372289527135674,125,0.011166032190457476,0.5562805504797459,0.5786126148606608,
KNN_MLP,both,0.4,0.0,,0.5978692340439467,0.07967303073001993,125,0.01344346514064898,0.5848160277695911,0.611702958050889,
KNN_MLP,both,0.4,0.2,,0.5979858008317779,0.07253172975191949,125,0.0127687893375249,0.585277289190163,0.6108148678652128,
KNN_MLP,both,0.4,0.4,,0.573396430559649,0.08158710768206022,125,0.014277727838360066,0.5591965861086551,0.5877520417853752,
KNN_MLP,both,0.4,0.6,,0.5652141205750402,0.07132429679784379,125,0.012146825490388646,0.5533842197989326,0.5776778707797099,
KNN_MLP,both,0.4,0.8,,0.5538102629596882,0.06903527823820828,125,0.012002633362805715,0.5418047525952123,0.5658100193208238,
KNN_MLP,both,0.6,0.0,,0.5783697547237777,0.07672660051992512,125,0.013244198349543213,0.5653239217997836,0.5918123184988701,
KNN_MLP,both,0.6,0.2,,0.5801903526869044,0.07573496479343395,125,0.013623371483773683,0.5664752182598161,0.5937219612273634,
KNN_MLP,both,0.6,0.4,,0.5502771719553329,0.07408731523955767,125,0.012969156269443671,0.5373608491338375,0.5632991616727249,
KNN_MLP,both,0.6,0.6,,0.5341452140026853,0.06657977379584114,125,0.012167212070602784,0.5217593784589187,0.5460938026001243,
KNN_MLP,both,0.6,0.8,,0.5236080819988865,0.07179793019124908,125,0.012338943740380526,0.5109298424861644,0.5356077299669254,
KNN_MLP,both,0.8,0.0,,0.5393978976323803,0.07540932787336978,125,0.013116007957559794,0.5261869240593378,0.5524189399744573,
KNN_MLP,both,0.8,0.2,,0.5361615351868226,0.07788300991514306,125,0.013554836591675834,0.5231818181222777,0.5502914913056294,
KNN_MLP,both,0.8,0.4,,0.522426446605757,0.07177098754864641,125,0.012271308085273602,0.5101397164096014,0.5346823325801486,
KNN_MLP,both,0.8,0.6,,0.5237036513082489,0.07514259874356756,125,0.012292945443232839,0.5113057245308968,0.5358916154173625,
KNN_MLP,both,0.8,0.8,,0.5168860857320628,0.07393809727211455,125,0.012813669974129638,0.5046911972361398,0.530318537184399,
SMILe,both,0.0,0.0,,0.6233476896879195,0.06955270801372347,125,0.011998569276615245,0.6114838258506075,0.635480964403838,
SMILe,both,0.0,0.2,,0.6151655892851294,0.07257738801423697,125,0.012709489144316743,0.6026304044274158,0.6280493827160493,
SMILe,both,0.0,0.4,,0.5948008514261388,0.07330009686122045,125,0.012717465206143308,0.5818649349968892,0.6072998654091758,
SMILe,both,0.0,0.6,,0.5710235059108625,0.0629713196156421,125,0.011212828044667111,0.5596422854242394,0.5820679415135737,
SMILe,both,0.0,0.8,,0.5470990601565315,0.06950144417399315,125,0.011935954088482914,0.5351957605527721,0.5590676687297379,
SMILe,both,0.2,0.0,,0.6123459933850739,0.0645578642692445,125,0.011493819792382898,0.6009994072764189,0.6239870468611847,
SMILe,both,0.2,0.2,,0.5969430919867702,0.06629540205064446,125,0.011266955987818017,0.5853698139961357,0.6079037259717718,
SMILe,both,0.2,0.4,,0.5819391426793727,0.06458232999493681,125,0.010970094639290051,0.5710120840292104,0.5929522733077905,
SMILe,both,0.2,0.6,,0.5591904247306546,0.062234340730673424,125,0.010893785735337502,0.5483104145790354,0.5700979860497104,
SMILe,both,0.2,0.8,,0.5304502603399156,0.07000633236415459,125,0.011848785244130078,0.518736291711694,0.5424338621999542,
SMILe,both,0.4,0.0,,0.6125247273798999,0.06599200538000265,125,0.011230385270327825,0.6013579834299374,0.623818753970593,
SMILe,both,0.4,0.2,,0.6009306742640075,0.06078933179602602,125,0.010500582244490408,0.590516122408881,0.6115172868978618,
SMILe,both,0.4,0.4,,0.5774175721256181,0.06358441839769134,125,0.010770528211677621,0.5665914533189247,0.5881325097422799,
SMILe,both,0.4,0.6,,0.5557507810197466,0.061020645100860346,125,0.01029477830173231,0.5455154029537937,0.5661049595572584,
SMILe,both,0.4,0.8,,0.5367670563578609,0.07045459810018097,125,0.011677147886170913,0.5250977469954482,0.54845204276779,
SMILe,both,0.6,0.0,,0.5826114942528736,0.07914103161067418,125,0.013840417362543711,0.5690664619969219,0.5967472967220093,
SMILe,both,0.6,0.2,,0.5669364246651603,0.07694477396914785,125,0.013369601467072612,0.5538911006320205,0.5806303035661657,
SMILe,both,0.6,0.4,,0.5504013360840947,0.07763292478000683,125,0.013188178930477745,0.5371639509447554,0.5635403088057109,
SMILe,both,0.6,0.6,,0.5348416674853457,0.07406804336568706,125,0.013059769459999315,0.5213733143399809,0.5474928532599795,
SMILe,both,0.6,0.8,,0.5154390411631792,0.07309342937591785,125,0.012680068932770128,0.5027906392245474,0.5281507770900876,
SMILe,both,0.8,0.0,,0.5467753479385663,0.07249082677753717,125,0.01237380571110458,0.5339183243278643,0.5586659357500735,
SMILe,both,0.8,0.2,,0.5370923142417395,0.07388297240786795,125,0.012924055735664908,0.5242988653109343,0.5501469767822641,
SMILe,both,0.8,0.4,,0.5290592658086911,0.0747787009539859,125,0.012912076661099559,0.5166957107770901,0.5425198640992892,
SMILe,both,0.8,0.6,,0.5214930346792417,0.08032919318761196,125,0.013755294560696796,0.5077051930445035,0.535215782165897,
SMILe,both,0.8,0.8,,0.48952654157251857,0.08371931220252746,125,0.015052917444411729,0.4747493129646003,0.5048551478534238,
VAE_MLP,both,0.0,0.0,,0.6097430395913157,0.07736862038381276,125,0.01353454153977146,0.5957385319448537,0.6228076150243966,
VAE_MLP,both,0.0,0.2,,0.6081967842289682,0.07457108819363995,125,0.012625220879588672,0.5956282120051085,0.6208786537642859,
VAE_MLP,both,0.0,0.4,,0.591671022038838,0.07156096758623032,125,0.012230589940072645,0.5793415217604874,0.6038027016406327,
VAE_MLP,both,0.0,0.6,,0.5691108098372465,0.07051239327356751,125,0.012019135638733358,0.5572287903199398,0.5812670615974065,
VAE_MLP,both,0.0,0.8,,0.5438827520712579,0.06869770685814429,125,0.012315371516520957,0.5316734816779645,0.5563042247110064,
VAE_MLP,both,0.2,0.0,,0.6158185152438026,0.06156027727320219,125,0.01085244670399843,0.6046448799816616,0.6263497733896585,
VAE_MLP,both,0.2,0.2,,0.602533988276517,0.06675390557106999,125,0.011547617316697956,0.5909305046337229,0.6140257392671188,
VAE_MLP,both,0.2,0.4,,0.5868412745194355,0.06901843482110427,125,0.011646785211382904,0.5753610587156565,0.5986546291384223,
VAE_MLP,both,0.2,0.6,,0.5616318040409995,0.0657686921100252,125,0.011244099944329788,0.5505662036218358,0.5730544035104954,
VAE_MLP,both,0.2,0.8,,0.533436316599535,0.07566605732312667,125,0.012751552051609494,0.5204254059010381,0.5459285100042571,
VAE_MLP,both,0.4,0.0,,0.6063340734191309,0.07371525300860556,125,0.013360245439958007,0.5926794069489473,0.6193998978288633,
VAE_MLP,both,0.4,0.2,,0.5916168058420932,0.07084911381408035,125,0.011941115695713433,0.5796631640305203,0.6035453954219472,
VAE_MLP,both,0.4,0.4,,0.568528774928775,0.07741834790826821,125,0.013334726070013347,0.5550251900972591,0.5816946422372858,
VAE_MLP,both,0.4,0.6,,0.5550870353996793,0.07335178572368269,125,0.012486849068343353,0.5428228460556047,0.5677965441922914,
VAE_MLP,both,0.4,0.8,,0.5389640894652389,0.074255254462521,125,0.012906867406752509,0.5265629940727641,0.5523767288862691,
VAE_MLP,both,0.6,0.0,,0.5866770933621509,0.07729334146102998,125,0.013557851950093402,0.5732355437665783,0.6003512476667651,
VAE_MLP,both,0.6,0.2,,0.566397792841471,0.0771537264289459,125,0.013298564282673564,0.5533289571667157,0.5799260857320628,
VAE_MLP,both,0.6,0.4,,0.5529355470412942,0.07443641737341808,125,0.013355314208992386,0.539476749844451,0.5661873782624358,
VAE_MLP,both,0.6,0.6,,0.5386304745063364,0.07140248388412458,125,0.013124146609031662,0.5255709768477586,0.5518192700658219,
VAE_MLP,both,0.6,0.8,,0.5201775812948226,0.08361253229908136,125,0.01493183089366995,0.5055454766349019,0.5354091384222418,
VAE_MLP,both,0.8,0.0,,0.5366485378393423,0.07951761178235922,125,0.014009065232341078,0.5226290401807643,0.5506471706454464,
VAE_MLP,both,0.8,0.2,,0.5305901431050857,0.08469004302746184,125,0.014496107836395211,0.5164720640534434,0.5454642797262338,
VAE_MLP,both,0.8,0.4,,0.5223355535907259,0.07795405928435216,125,0.013647497953302556,0.5084858935062384,0.5357808894128435,
VAE_MLP,both,0.8,0.6,,0.5144771392081736,0.07036160825993726,125,0.01199970167337977,0.5026488171726103,0.5266482205193699,
VAE_MLP,both,0.8,0.8,,0.48901159904378294,0.07631945891002108,125,0.013250023905426206,0.4760771401905885,0.5025771880014409,
ZI_MLP,both,0.0,0.0,,0.6194729541212302,0.07239767732053282,125,0.01280685185185182,0.6066236342797262,0.6322373379834298,
ZI_MLP,both,0.0,0.2,,0.6132137800045847,0.06994290804652947,125,0.011976151881324393,0.6010082005436027,0.6249605043062515,
ZI_MLP,both,0.0,0.4,,0.5899003700428989,0.07224815820064671,125,0.012567829845760936,0.5776163388676032,0.6027519985591251,
ZI_MLP,both,0.0,0.6,,0.5689947408062351,0.06869490420510437,125,0.011611212299832974,0.5575540498411762,0.5807764744408421,
ZI_MLP,both,0.0,0.8,,0.5455112420997478,0.07213215607788022,125,0.012768408160592049,0.5329054749975439,0.558442291318728,
ZI_MLP,both,0.2,0.0,,0.6135157481088516,0.06813362855977176,125,0.011728389167239783,0.6015702790057962,0.6250270573402757,
ZI_MLP,both,0.2,0.2,,0.5942592396109638,0.06867568998191745,125,0.01215007106133531,0.5824735150800668,0.6067736572027375,
ZI_MLP,both,0.2,0.4,,0.5762574319677767,0.06663254243634109,125,0.011719422503847776,0.5640093666699414,0.5874482116776369,
ZI_MLP,both,0.2,0.6,,0.5490093591380948,0.0725802447240665,125,0.012773891836133366,0.5364469466548776,0.5619947303271443,
ZI_MLP,both,0.2,0.8,,0.5186466908995644,0.07836073621888245,125,0.01383992009693158,0.5046026256672234,0.5322824658610865,
ZI_MLP,both,0.4,0.0,,0.6023332481907193,0.07691532804735333,125,0.013017885515931527,0.5895031099977077,0.6155388810295708,
ZI_MLP,both,0.4,0.2,,0.5894062285096769,0.06990601964503633,125,0.012416668631496264,0.5772833611684187,0.6021166984314112,
ZI_MLP,both,0.4,0.4,,0.5634588859416446,0.0746727101734922,125,0.012920164554474867,0.5504300871074435,0.5762704162163932,
ZI_MLP,both,0.4,0.6,,0.556461394374038,0.07321542244747217,125,0.012857945279496963,0.5436832665291287,0.5693991570881226,
ZI_MLP,both,0.4,0.8,,0.5314085208108196,0.07004263282869783,125,0.011695943773127826,0.5200134603923109,0.5434053479385665,
ZI_MLP,both,0.6,0.0,,0.5790442414120576,0.07421760720412325,125,0.013217160330091349,0.5655589245832926,0.5919932452434753,
ZI_MLP,both,0.6,0.2,,0.5648437240069424,0.0712700237887451,125,0.012209282346006434,0.5526786059534335,0.5770971706454464,
ZI_MLP,both,0.6,0.4,,0.5497254740151291,0.06847545832538,125,0.011590810000982388,0.5378291276156794,0.5610107476176441,
ZI_MLP,both,0.6,0.6,,0.5387533287487312,0.07339515333814739,125,0.012846179552673753,0.5264799453122442,0.5521723044175917,
ZI_MLP,both,0.6,0.8,,0.519404289877853,0.07521999549548977,125,0.013226417297049486,0.5059709513049743,0.5324237858990732,
ZI_MLP,both,0.8,0.0,,0.5444496315944592,0.07059429316552002,125,0.012473460392310953,0.5320839332612897,0.5570308540459116,
ZI_MLP,both,0.8,0.2,,0.532762511052166,0.07618253771774636,125,0.013256571536169215,0.5191825094148083,0.5456956524871467,
ZI_MLP,both,0.8,0.4,,0.5180053574352426,0.0789755253314646,125,0.01389362183580567,0.5036196532075843,0.5314068968791956,
ZI_MLP,both,0.8,0.6,,0.5034767789894227,0.0872720734754416,125,0.015511813537675528,0.48801853980417204,0.5190421668795231,
ZI_MLP,both,0.8,0.8,,0.4812065363329732,0.07745526327753056,125,0.013170219405966521,0.46806156040213515,0.4944019992140682,
pAM,both,0.0,0.0,,0.612024521072797,0.0740893102915392,125,0.0131226305792973,0.5986397304908799,0.6248849916494745,
pAM,both,0.0,0.2,,0.6012440907751252,0.07523983119717818,125,0.01294220241019084,0.5878601905884665,0.6137445954088482,
pAM,both,0.0,0.4,,0.5815270393293384,0.07054039505935804,125,0.012070797720797666,0.5699484481121264,0.5940900435537217,
pAM,both,0.0,0.6,,0.5563635327635328,0.07000617214029939,125,0.012183188263418132,0.54416505452402,0.5685314310508562,
pAM,both,0.0,0.8,,0.5423340472214035,0.07681890425806293,125,0.013043827324229651,0.5293879847398238,0.5554756393882831,
pAM,both,0.2,0.0,,0.589269620460425,0.07333396433121846,125,0.012811885417689961,0.5767705436028425,0.6023943144382224,
pAM,both,0.2,0.2,,0.567294901267315,0.07541648047554486,125,0.012546003045485699,0.5547476978747095,0.5798397039656809,
pAM,both,0.2,0.4,,0.5489013983036972,0.07854202057714882,125,0.013506084094704773,0.5350770075645938,0.5620891757540033,
pAM,both,0.2,0.6,,0.525681579722959,0.0751194502340258,125,0.013024302321773651,0.512158928840423,0.5382075334839703,
pAM,both,0.2,0.8,,0.5097510560958837,0.07315266229576865,125,0.012574316730523671,0.49754500442086647,0.5226936378819138,
pAM,both,0.4,0.0,,0.588657824933687,0.06606039793677182,125,0.01179674525984864,0.5768360506926026,0.6004295412122999,
pAM,both,0.4,0.2,,0.5629734158561746,0.06922403446369758,125,0.012107252185872885,0.5509367341258147,0.5751512384975604,
pAM,both,0.4,0.4,,0.545021868552903,0.07738175105897153,125,0.013198656384058705,0.531194146445296,0.5575914592134134,
pAM,both,0.4,0.6,,0.5367853030749583,0.07240150044315473,125,0.013188328748731049,0.523477174247634,0.5498538317450961,
pAM,both,0.4,0.8,,0.5190316665029309,0.0815625349126953,125,0.01462815584373045,0.5043949120738777,0.5336512237613386,
pAM,both,0.6,0.0,,0.5655015227429021,0.07935965057952735,125,0.013834535317811147,0.5514539555293579,0.5791230261649802,
pAM,both,0.6,0.2,,0.5515394439532371,0.07711235083367995,125,0.013557207158528983,0.5382390631037758,0.5653534774208337,
pAM,both,0.6,0.4,,0.5410985231031208,0.07851950570971733,125,0.013680818351507917,0.5275837587189312,0.554945395421947,
pAM,both,0.6,0.6,,0.5180736418115729,0.0785033700569673,125,0.013592604217834092,0.5048500451910797,0.5320352536267479,
pAM,both,0.6,0.8,,0.5051545862396437,0.0799736066151322,125,0.014010069751449056,0.4911238520483348,0.5191439915512329,
pAM,both,0.8,0.0,,0.5257264564299047,0.08830166677640586,125,0.015709127615679275,0.5102558764777156,0.5416741317090742,
pAM,both,0.8,0.2,,0.5146878213314996,0.08590071661177046,125,0.015163976323803924,0.4996677725382322,0.52999572518584,
pAM,both,0.8,0.4,,0.5030348626256672,0.07775936906282951,125,0.013946632773357004,0.4896050217768608,0.5174982873235748,
pAM,both,0.8,0.6,,0.49846612306382415,0.08467696972923897,125,0.014463747257425386,0.4837793751842028,0.5127068696990535,
pAM,both,0.8,0.8,,0.49253795723221006,0.07922661252842997,125,0.01409895307332093,0.478224220126404,0.5064221262730458,
Di-MMLP,envelope,0.0,0.0,0.0,0.6072498411762779,0.07612738941786301,125,0.013256458394734216,0.5944107083210531,0.6209236251105216,0.5827948275862069
Di-MMLP,envelope,0.0,0.2,0.2,0.6081080132298525,0.07325783507928008,125,0.01280845433408656,0.595124100599273,0.6207410092674461,0.5827948275862069
Di-MMLP,envelope,0.0,0.4,0.4,0.5877503356583815,0.06986773140166405,125,0.012019585584700454,0.5753186645708487,0.5993578357402496,0.5827948275862069
Di-MMLP,envelope,0.0,0.6,0.6,0.5638208599404002,0.060887182889767986,125,0.010604593116547156,0.5536844467367457,0.57489363296984,0.5827948275862069
Di-MMLP,envelope,0.0,0.8,0.8,0.535750361856109,0.06141003054394588,125,0.010726205095457964,0.5250684857713592,0.5465208959622752,0.5827948275862069
Di-PAM,envelope,0.0,0.0,0.0,0.5975439892589318,0.06981085764813826,125,0.012386266823853076,0.5848866126338539,0.60965914628156,0.5668218308936699
Di-PAM,envelope,0.0,0.2,0.2,0.5847044175917739,0.07011997757398786,125,0.012332367455873128,0.5725407653011102,0.5972055002128565,0.5668218308936699
Di-PAM,envelope,0.0,0.4,0.4,0.571148521465763,0.06989539227228947,125,0.012374369780921435,0.5587577810524939,0.5835065206143367,0.5668218308936699
Di-PAM,envelope,0.0,0.6,0.6,0.548242093198415,0.06199158817333013,125,0.010559989193437369,0.537251973016341,0.5583719514032157,0.5668218308936699
Di-PAM,envelope,0.0,0.8,0.8,0.5288405933785244,0.06459003644954732,125,0.011117232210105799,0.5175997350754823,0.5398341994956939,0.5668218308936699
HealNet,envelope,0.0,0.0,0.0,0.6151868225431445,0.07062948104025078,125,0.012064180011134074,0.6031423315977339,0.627270691620002,0.5838145954088483
HealNet,envelope,0.0,0.2,0.2,0.6088933032059468,0.07623785368694329,125,0.012766355732390322,0.5959190493499688,0.6214517608147494,0.5838145954088483
HealNet,envelope,0.0,0.4,0.4,0.5869523266856601,0.07371323950776601,125,0.012840029799914887,0.5737985804106494,0.5994786400104791,0.5838145954088483
HealNet,envelope,0.0,0.6,0.6,0.5648594688410778,0.07056983571932081,125,0.01255959966597886,0.5523210780364806,0.5774402773684383,0.5838145954088483
HealNet,envelope,0.0,0.8,0.8,0.5339197432622721,0.07017755822707182,125,0.012805005239545475,0.5214256524871468,0.5470356629662377,0.5838145954088483
KNN_MLP,envelope,0.2,0.0,0.0,0.6271268428463833,0.06789801634315001,125,0.012022527262009919,0.6151841091135346,0.6392291636375544,0.5991886301863314
KNN_MLP,envelope,0.2,0.2,0.2,0.61351773913613,0.07212950739650334,125,0.012508519664668982,0.6011413750532143,0.6261584143825523,0.5991886301863314
KNN_MLP,envelope,0.2,0.4,0.4,0.5968330091364574,0.06798949896945458,125,0.01202246979074556,0.5846865415725188,0.6087314811540099,0.5991886301863314
KNN_MLP,envelope,0.2,0.6,0.6,0.5891676851033172,0.0645059942294767,125,0.01119449634869174,0.5778529325081049,0.6002419252054884,0.5991886301863314
KNN_MLP,envelope,0.2,0.8,0.8,0.5673453318924584,0.06372289527135674,125,0.011166032190457476,0.5562805504797459,0.5786126148606608,0.5991886301863314
SMILe,envelope,0.0,0.0,0.0,0.6233476896879195,0.06955270801372347,125,0.011998569276615245,0.6114838258506075,0.635480964403838,0.591553330386089
SMILe,envelope,0.0,0.2,0.2,0.6151655892851294,0.07257738801423697,125,0.012709489144316743,0.6026304044274158,0.6280493827160493,0.591553330386089
SMILe,envelope,0.0,0.4,0.4,0.5948008514261388,0.07330009686122045,125,0.012717465206143308,0.5818649349968892,0.6072998654091758,0.591553330386089
SMILe,envelope,0.0,0.6,0.6,0.5710235059108625,0.0629713196156421,125,0.011212828044667111,0.5596422854242394,0.5820679415135737,0.591553330386089
SMILe,envelope,0.0,0.8,0.8,0.5470990601565315,0.06950144417399315,125,0.011935954088482914,0.5351957605527721,0.5590676687297379,0.591553330386089
VAE_MLP,envelope,0.0,0.0,0.0,0.6097430395913157,0.07736862038381276,125,0.01353454153977146,0.5957385319448537,0.6228076150243966,0.5864478779840849
VAE_MLP,envelope,0.0,0.2,0.2,0.6081967842289682,0.07457108819363995,125,0.012625220879588672,0.5956282120051085,0.6208786537642859,0.5864478779840849
VAE_MLP,envelope,0.0,0.4,0.4,0.591671022038838,0.07156096758623032,125,0.012230589940072645,0.5793415217604874,0.6038027016406327,0.5864478779840849
VAE_MLP,envelope,0.0,0.6,0.6,0.5691108098372465,0.07051239327356751,125,0.012019135638733358,0.5572287903199398,0.5812670615974065,0.5864478779840849
VAE_MLP,envelope,0.0,0.8,0.8,0.5438827520712579,0.06869770685814429,125,0.012315371516520957,0.5316734816779645,0.5563042247110064,0.5864478779840849
ZI_MLP,envelope,0.0,0.0,0.0,0.6194729541212302,0.07239767732053282,125,0.01280685185185182,0.6066236342797262,0.6322373379834298,0.5886502472410519
ZI_MLP,envelope,0.0,0.2,0.2,0.6132137800045847,0.06994290804652947,125,0.011976151881324393,0.6010082005436027,0.6249605043062515,0.5886502472410519
ZI_MLP,envelope,0.0,0.4,0.4,0.5899003700428989,0.07224815820064671,125,0.012567829845760936,0.5776163388676032,0.6027519985591251,0.5886502472410519
ZI_MLP,envelope,0.0,0.6,0.6,0.5689947408062351,0.06869490420510437,125,0.011611212299832974,0.5575540498411762,0.5807764744408421,0.5886502472410519
ZI_MLP,envelope,0.0,0.8,0.8,0.5455112420997478,0.07213215607788022,125,0.012768408160592049,0.5329054749975439,0.558442291318728,0.5886502472410519
pAM,envelope,0.0,0.0,0.0,0.612024521072797,0.0740893102915392,125,0.0131226305792973,0.5986397304908799,0.6248849916494745,0.5790784867537743
pAM,envelope,0.0,0.2,0.2,0.6012440907751252,0.07523983119717818,125,0.01294220241019084,0.5878601905884665,0.6137445954088482,0.5790784867537743
pAM,envelope,0.0,0.4,0.4,0.5815270393293384,0.07054039505935804,125,0.012070797720797666,0.5699484481121264,0.5940900435537217,0.5790784867537743
pAM,envelope,0.0,0.6,0.6,0.5563635327635328,0.07000617214029939,125,0.012183188263418132,0.54416505452402,0.5685314310508562,0.5790784867537743
pAM,envelope,0.0,0.8,0.8,0.5423340472214035,0.07681890425806293,125,0.013043827324229651,0.5293879847398238,0.5554756393882831,0.5790784867537743
Di-MMLP,test,0.0,0.0,0.0,0.6072498411762779,0.07612738941786301,125,0.0130532629269412,0.5942523492811997,0.6203588751350821,
Di-MMLP,test,0.0,0.2,0.2,0.6081080132298525,0.07325783507928008,125,0.012946168582375572,0.5952197874709368,0.621112124635688,
Di-MMLP,test,0.0,0.4,0.4,0.5877503356583815,0.06986773140166405,125,0.012020412941677217,0.5756612817238105,0.5997021076071649,
Di-MMLP,test,0.0,0.6,0.6,0.5638208599404002,0.060887182889767986,125,0.010379612273635208,0.5542000956217048,0.5749593201689752,
Di-MMLP,test,0.0,0.8,0.8,0.535750361856109,0.06141003054394588,125,0.01058296476405668,0.5248114572485836,0.5459773867766969,
Di-PAM,test,0.0,0.0,0.0,0.5975439892589318,0.06981085764813826,125,0.01225082260863869,0.5855482706225235,0.6100499158398008,
Di-PAM,test,0.0,0.2,0.2,0.5847044175917739,0.07011997757398786,125,0.012303130137210516,0.5727280246913582,0.5973342849657792,
Di-PAM,test,0.0,0.4,0.4,0.571148521465763,0.06989539227228947,125,0.01211190293742026,0.5590766928643939,0.5833004987392344,
Di-PAM,test,0.0,0.6,0.6,0.548242093198415,0.06199158817333013,125,0.010755531977600818,0.5373889583128665,0.5589000222680681,
Di-PAM,test,0.0,0.8,0.8,0.5288405933785244,0.06459003644954732,125,0.011549061630153623,0.5176593650325834,0.5407574882928906,
HealNet,test,0.0,0.0,0.0,0.6151868225431445,0.07062948104025078,125,0.011819471133379167,0.6032862776304156,0.626925219897174,
HealNet,test,0.0,0.2,0.2,0.6088933032059468,0.07623785368694329,125,0.012639033958804058,0.5960344300356945,0.6213124979533026,
HealNet,test,0.0,0.4,0.4,0.5869523266856601,0.07371323950776601,125,0.012856308085273493,0.5745779123686019,0.6002905285391489,
HealNet,test,0.0,0.6,0.6,0.5648594688410778,0.07056983571932081,125,0.012819137603562902,0.5518461856108982,0.577484460818024,
HealNet,test,0.0,0.8,0.8,0.5339197432622721,0.07017755822707182,125,0.012193499688901932,0.5217743409634213,0.5461613403412252,
KNN_MLP,test,0.0,0.0,0.0,0.6151858008317778,0.07380768638506369,125,0.013106481808953241,0.6020057065199592,0.6282186701378657,
KNN_MLP,test,0.0,0.2,0.2,0.6085400268526704,0.06986419729405227,125,0.012070178963225042,0.5960754759799586,0.6202158339064087,
KNN_MLP,test,0.0,0.4,0.4,0.5969780528539148,0.07211682599458212,125,0.012811740511510628,0.5841851923895601,0.6098086734125814,
KNN_MLP,test,0.0,0.6,0.6,0.590104699217343,0.06961363005431577,125,0.011850282444247906,0.5786610423420769,0.6023616072305727,
KNN_MLP,test,0.0,0.8,0.8,0.5660230016046108,0.07461750501914216,125,0.013110047319645046,0.5527202063071027,0.5789403009463928,
SMILe,test,0.0,0.0,0.0,0.6233476896879195,0.06955270801372347,125,0.012788904116317945,0.6105222821495235,0.6361000903821594,
SMILe,test,0.0,0.2,0.2,0.6151655892851294,0.07257738801423697,125,0.012761983331696036,0.6029602053246881,0.6284841719880802,
SMILe,test,0.0,0.4,0.4,0.5948008514261388,0.07330009686122045,125,0.01274779005796256,0.582003432229754,0.6074990123456792,
SMILe,test,0.0,0.6,0.6,0.5710235059108625,0.0629713196156421,125,0.011266699741297403,0.5607388695680651,0.5832722690506599,
SMILe,test,0.0,0.8,0.8,0.5470990601565315,0.06950144417399315,125,0.01187040246258636,0.5351930998460884,0.5589339047712611,
VAE_MLP,test,0.0,0.0,0.0,0.6097430395913157,0.07736862038381276,125,0.013020651668467664,0.5964565477944789,0.6224978511314142,
VAE_MLP,test,0.0,0.2,0.2,0.6081967842289682,0.07457108819363995,125,0.012896260601892806,0.5953941893440745,0.6211867105478601,
VAE_MLP,test,0.0,0.4,0.4,0.591671022038838,0.07156096758623032,125,0.012363491502112134,0.5793457137243345,0.6040726967285588,
VAE_MLP,test,0.0,0.6,0.6,0.5691108098372465,0.07051239327356751,125,0.012467785964567546,0.5564754812195042,0.5814110531486393,
VAE_MLP,test,0.0,0.8,0.8,0.5438827520712579,0.06869770685814429,125,0.012020091528310017,0.5320615944591807,0.5561017775158007,
ZI_MLP,test,0.0,0.0,0.0,0.6194729541212302,0.07239767732053282,125,0.012777372531682818,0.6067262533975178,0.6322809984608835,
ZI_MLP,test,0.0,0.2,0.2,0.6132137800045847,0.06994290804652947,125,0.01230745259848709,0.6008834993614304,0.6254984045584046,
ZI_MLP,test,0.0,0.4,0.4,0.5899003700428989,0.07224815820064671,125,0.012971487048498598,0.5766691102596849,0.6026120843566821,
ZI_MLP,test,0.0,0.6,0.6,0.5689947408062351,0.06869490420510437,125,0.011866532894521331,0.5572782545764157,0.5810113203654583,
ZI_MLP,test,0.0,0.8,0.8,0.5455112420997478,0.07213215607788022,125,0.012642720633984972,0.5327960755804434,0.5580815168484133,
pAM,test,0.0,0.0,0.0,0.612024521072797,0.0740893102915392,125,0.012579572977044318,0.5994368408815535,0.6245959868356421,
pAM,test,0.0,0.2,0.2,0.6012440907751252,0.07523983119717818,125,0.013031082784818404,0.5884489851655369,0.6145111507351737,
pAM,test,0.0,0.4,0.4,0.5815270393293384,0.07054039505935804,125,0.012238779349641404,0.5692434119265155,0.5937209706257983,
pAM,test,0.0,0.6,0.6,0.5563635327635328,0.07000617214029939,125,0.011980913809477078,0.5444136601499819,0.5683754877689361,
pAM,test,0.0,0.8,0.8,0.5423340472214035,0.07681890425806293,125,0.013109886039886054,0.5292400933294037,0.5554598654091758,
Di-MMLP,train,0.0,0.0,0.0,0.6072498411762779,0.07612738941786301,125,0.013998310410321957,0.5929376287782034,0.6209342495988474,
Di-MMLP,train,0.2,0.0,0.2,0.6096538232308347,0.06301601366857815,125,0.011114430854373358,0.5982797694599993,0.620508631168746,
Di-MMLP,train,0.4,0.0,0.4,0.604433546189868,0.07523888007715968,125,0.012973856141729578,0.5914363388676033,0.6173840511510624,
Di-MMLP,train,0.6,0.0,0.6,0.5739644627828536,0.07211583188536358,125,0.012886191669122748,0.5608571988080033,0.5866295821462488,
Di-MMLP,train,0.8,0.0,0.8,0.5343876608704193,0.07810799941323167,125,0.013483816517667224,0.5209687611749679,0.5479363942103024,
Di-PAM,train,0.0,0.0,0.0,0.5975439892589318,0.06981085764813826,125,0.012180409830697236,0.5854129655827357,0.6097737852441302,
Di-PAM,train,0.2,0.0,0.2,0.5995003045485805,0.08199400042843408,125,0.01417033172872273,0.5854747663490191,0.6138154298064645,
Di-PAM,train,0.4,0.0,0.4,0.6002666011723483,0.0732286559753451,125,0.012923381471657447,0.5876272695418672,0.6134740324851821,
Di-PAM,train,0.6,0.0,0.6,0.5668810950650033,0.08710624144650937,125,0.015251209680060163,0.551878655401644,0.5823810747617644,
Di-PAM,train,0.8,0.0,0.8,0.5266440449291024,0.08516515448234853,125,0.01431905033238362,0.5125461037430004,0.5411842044077676,
HealNet,train,0.0,0.0,0.0,0.6151868225431445,0.07062948104025078,125,0.01242731211317416,0.602234196875921,0.6270888211022693,
HealNet,train,0.2,0.0,0.2,0.6030551265677703,0.061987135554117,125,0.010883684055408183,0.592197327504339,0.6139646956151553,
HealNet,train,0.4,0.0,0.4,0.6137416380129023,0.07452999491468693,125,0.013052414611782415,0.6009323008154044,0.6270371300389692,
HealNet,train,0.6,0.0,0.6,0.5866195107574419,0.0756532557796648,125,0.013159385990765438,0.5733765566362118,0.5996953286177427,
HealNet,train,0.8,0.0,0.8,0.5357960113960112,0.08562918026363814,125,0.015010855847005344,0.5206548603333659,0.5506765720273766,
KNN_MLP,train,0.0,0.0,0.0,0.6151858008317778,0.07380768638506369,125,0.013452240233159773,0.601617131676327,0.6285216121426466,
KNN_MLP,train,0.2,0.0,0.2,0.6271268428463833,0.06789801634315001,125,0.012201709565445196,0.6147532213380489,0.6391566404689393,
KNN_MLP,train,0.4,0.0,0.4,0.5978692340439467,0.07967303073001993,125,0.013351534531879372,0.5841840174214886,0.6108870864852474,
KNN_MLP,train,0.6,0.0,0.6,0.5783697547237777,0.07672660051992512,125,0.013533436814356425,0.5646810600255427,0.5917479336542556,
KNN_MLP,train,0.8,0.0,0.8,0.5393978976323803,0.07540932787336978,125,0.013054092412483231,0.526112629924354,0.5522208147493205,
SMILe,train,0.0,0.0,0.0,0.6233476896879195,0.06955270801372347,125,0.012018927530536627,0.6115670946720374,0.6356049497331107,
SMILe,train,0.2,0.0,0.2,0.6123459933850739,0.0645578642692445,125,0.011167412155745515,0.601095305694731,0.623430130006222,
SMILe,train,0.4,0.0,0.4,0.6125247273798999,0.06599200538000265,125,0.011255432098765339,0.6015533523266858,0.6240642165242165,
SMILe,train,0.6,0.0,0.6,0.5826114942528736,0.07914103161067418,125,0.013666646199692045,0.5693289606051677,0.5966622530045518,
SMILe,train,0.8,0.0,0.8,0.5467753479385663,0.07249082677753717,125,0.012458634770933619,0.5344087379244851,0.5593260074663523,
VAE_MLP,train,0.0,0.0,0.0,0.6097430395913157,0.07736862038381276,125,0.013582581786029946,0.5963117706388972,0.6234769342109571,
VAE_MLP,train,0.2,0.0,0.2,0.6158185152438026,0.06156027727320219,125,0.010622431149097833,0.6052616222942662,0.6265064845924618,
VAE_MLP,train,0.4,0.0,0.4,0.6063340734191309,0.07371525300860556,125,0.012696689753413815,0.5939660677211253,0.6193594472279529,
VAE_MLP,train,0.6,0.0,0.6,0.5866770933621509,0.07729334146102998,125,0.013345032419687541,0.573475785440613,0.600165850279988,
VAE_MLP,train,0.8,0.0,0.8,0.5366485378393423,0.07951761178235922,125,0.013756217048170982,0.5235361774241085,0.5510486115204505,
ZI_MLP,train,0.0,0.0,0.0,0.6194729541212302,0.07239767732053282,125,0.012028732193732239,0.6071703824868192,0.6312278468742837,
ZI_MLP,train,0.2,0.0,0.2,0.6135157481088516,0.06813362855977176,125,0.011995557520384947,0.6015703900186661,0.625561505059436,
ZI_MLP,train,0.4,0.0,0.4,0.6023332481907193,0.07691532804735333,125,0.013668883321871828,0.5887159141369487,0.6160536807806923,
ZI_MLP,train,0.6,0.0,0.6,0.5790442414120576,0.07421760720412325,125,0.012628940793136256,0.5665675960310442,0.5918254776173167,
ZI_MLP,train,0.8,0.0,0.8,0.5444496315944592,0.07059429316552002,125,0.012423049579198986,0.5314394220126404,0.5562855211710384,
pAM,train,0.0,0.0,0.0,0.612024521072797,0.0740893102915392,125,0.012589868520155922,0.59942840979795,0.6246081468382618,
pAM,train,0.2,0.0,0.2,0.589269620460425,0.07333396433121846,125,0.012838021252906284,0.5765560588793922,0.6022321013852048,
pAM,train,0.4,0.0,0.4,0.588657824933687,0.06606039793677182,125,0.011944050987326815,0.5766594128434359,0.6005475148180895,
pAM,train,0.6,0.0,0.6,0.5655015227429021,0.07935965057952735,125,0.01380042473065457,0.5516754740151293,0.5792763234764384,
pAM,train,0.8,0.0,0.8,0.5257264564299047,0.08830166677640586,125,0.01559463732521199,0.5101642119396143,0.5413534865900382,
